Job Title,Company,Location,Type,Salary,Source,Score,Apply,Exp Match,Loc Match,Posted
Job,Anyone AI,Amsterdam,Job,,RemoteOK,2.1,"=HYPERLINK(""https://remoteOK.com/remote-jobs/remote-biology-ai-training-expert-anyone-ai-1130953"", ""Apply"")",True,True,
Job,Celonis,Washington DC,Job,,RemoteOK,1.8,"=HYPERLINK(""https://remoteOK.com/remote-jobs/remote-lead-consultant-public-sector-celonis-1130986"", ""Apply"")",True,True,
Job,"ms consultants, inc.",India,Job,,RemoteOK,1.6,"=HYPERLINK(""https://remoteOK.com/remote-jobs/remote-senior-site-civil-engineer-land-development-ms-consultants-inc-1130993"", ""Apply"")",True,True,
Job,CrewBloom,India,Job,,RemoteOK,1.6,"=HYPERLINK(""https://remoteOK.com/remote-jobs/remote-website-maintenance-crewbloom-1130987"", ""Apply"")",True,True,
Job,Huzzle,India,Job,,RemoteOK,1.6,"=HYPERLINK(""https://remoteOK.com/remote-jobs/remote-sales-development-representative-huzzle-1130984"", ""Apply"")",True,True,
Job,Strata Information Group,Remote,Job,,RemoteOK,1.6,"=HYPERLINK(""https://remoteOK.com/remote-jobs/remote-banner-consultant-student-accounts-receivable-strata-information-group-1130974"", ""Apply"")",True,True,
Job,Huzzle,India,Job,,RemoteOK,1.6,"=HYPERLINK(""https://remoteOK.com/remote-jobs/remote-call-centre-manager-huzzle-1130965"", ""Apply"")",True,True,
Job,Automatiq,Remote,Job,,RemoteOK,1.6,"=HYPERLINK(""https://remoteOK.com/remote-jobs/remote-payments-amp-billing-operations-analyst-automatiq-1130956"", ""Apply"")",True,True,
Job,Pharmaceutical Strategies Group LLC,India,Job,,RemoteOK,1.6,"=HYPERLINK(""https://remoteOK.com/remote-jobs/remote-project-coordinator-pharmacy-benefit-management-procurements-pharmaceutical-strategies-group-llc-1130941"", ""Apply"")",True,True,
Job,Pearl,India,Job,,RemoteOK,1.6,"=HYPERLINK(""https://remoteOK.com/remote-jobs/remote-senior-associate-finance-pearl-1130940"", ""Apply"")",True,True,
Job,Skydio,India,Job,,RemoteOK,1.6,"=HYPERLINK(""https://remoteOK.com/remote-jobs/remote-program-manager-major-deployments-skydio-1130939"", ""Apply"")",True,True,
Job,Concentric,Seattle,Job,,RemoteOK,1.1,"=HYPERLINK(""https://remoteOK.com/remote-jobs/remote-internship-marketing-summer-2026-concentric-1130969"", ""Apply"")",True,True,
Research Intern - Internship Opportunity,Tech Research Labs,Remote / India,,,Telegram,3.7,"=HYPERLINK(""https://t.me/job-postings"", ""Apply"")",True,True,
Machine Learning Research Intern - Intern / Entry Role,Machine Labs Pvt Ltd,India,,,Fallback,3.4,"=HYPERLINK(""https://example.com/jobs/machine-learning-research-intern/3"", ""Apply"")",True,True,
Research Internship - Intern / Entry Role,Research Labs Pvt Ltd,India,,,Fallback,3.4,"=HYPERLINK(""https://example.com/jobs/research-internship/1"", ""Apply"")",True,True,
R&D Internship - Intern / Entry Role,R&D Labs Pvt Ltd,India,,,Fallback,3.4,"=HYPERLINK(""https://example.com/jobs/r&d-internship/2"", ""Apply"")",True,True,
Research Intern - Intern / Entry Role,Research Labs Pvt Ltd,India,,,Fallback,3.1,"=HYPERLINK(""https://example.com/jobs/research-intern/1"", ""Apply"")",True,True,
R&D Intern - Intern / Entry Role,R&D Labs Pvt Ltd,India,,,Fallback,2.3,"=HYPERLINK(""https://example.com/jobs/r&d-intern/2"", ""Apply"")",True,True,
Software Developer Intern - Intern / Entry Role,Software Labs Pvt Ltd,India,Job,,Fallback,2.0,"=HYPERLINK(""https://example.com/jobs/software-developer-intern/1"", ""Apply"")",True,True,
Software Engineering Internship - Intern / Entry Role,Software Labs Pvt Ltd,India,Job,,Fallback,2.0,"=HYPERLINK(""https://example.com/jobs/software-engineering-internship/2"", ""Apply"")",True,True,
Software Development Internship - Intern / Entry Role,Software Labs Pvt Ltd,India,Job,,Fallback,2.0,"=HYPERLINK(""https://example.com/jobs/software-development-internship/1"", ""Apply"")",True,True,
Coding Internship - Intern / Entry Role,Coding Labs Pvt Ltd,India,Job,,Fallback,2.0,"=HYPERLINK(""https://example.com/jobs/coding-internship/2"", ""Apply"")",True,True,
Developer Intern - Intern / Entry Role,Developer Labs Pvt Ltd,India,Job,,Fallback,0.5,"=HYPERLINK(""https://example.com/jobs/developer-intern/3"", ""Apply"")",True,True,
Coding Intern - Intern / Entry Role,Coding Labs Pvt Ltd,India,Job,,Fallback,0.5,"=HYPERLINK(""https://example.com/jobs/coding-intern/2"", ""Apply"")",True,True,
