title,company,location,job_type,url,link,source,score,posted_at,posted_text,scraped_on,scraped_time,run_profile,job_window,scraped_at,status,notes
Business Analyst/Data Analyst/Office Executive,Syncretic Engineering,Bhopal,Internship,https://internshala.com/internship/detail/business-analyst-data-analyst-office-executive-internship-in-bhopal-at-syncretic-engineering1773841939,https://internshala.com/internship/detail/business-analyst-data-analyst-office-executive-internship-in-bhopal-at-syncretic-engineering1773841939,Internshala - Internship,6,,2 days ago,2026-03-21,11:22:07,hourly,24h,2026-03-21 11:32,,
Business Analyst Intern,Webs IT Solution,India,Job,https://in.linkedin.com/jobs/view/business-analyst-intern-at-webs-it-solution-4388705378?position=48&pageNum=0&refId=MZe8PIyKh9Ud7lBMQFydfg%3D%3D&trackingId=RbLD1CxyFKA9%2Fv7segQw0w%3D%3D,https://in.linkedin.com/jobs/view/business-analyst-intern-at-webs-it-solution-4388705378?position=48&pageNum=0&refId=MZe8PIyKh9Ud7lBMQFydfg%3D%3D&trackingId=RbLD1CxyFKA9%2Fv7segQw0w%3D%3D,LinkedIn,5,2026-03-21,19 minutes ago,2026-03-21,11:20:12,hourly,24h,2026-03-21 11:32,,
Data Analyst Intern,Webs X UM,India,Job,https://in.linkedin.com/jobs/view/data-analyst-intern-at-webs-x-um-4388592995?position=6&pageNum=0&refId=MZe8PIyKh9Ud7lBMQFydfg%3D%3D&trackingId=QsTeouD%2FEOP5sN35iqFguQ%3D%3D,https://in.linkedin.com/jobs/view/data-analyst-intern-at-webs-x-um-4388592995?position=6&pageNum=0&refId=MZe8PIyKh9Ud7lBMQFydfg%3D%3D&trackingId=QsTeouD%2FEOP5sN35iqFguQ%3D%3D,LinkedIn,5,2026-03-21,34 minutes ago,2026-03-21,11:20:12,hourly,24h,2026-03-21 11:32,,
Data Analyst Intern,Webs IT Solution,India,Job,https://in.linkedin.com/jobs/view/data-analyst-intern-at-webs-it-solution-4388596987?position=8&pageNum=0&refId=MZe8PIyKh9Ud7lBMQFydfg%3D%3D&trackingId=LGevyhYq57NvWLhasxDTPQ%3D%3D,https://in.linkedin.com/jobs/view/data-analyst-intern-at-webs-it-solution-4388596987?position=8&pageNum=0&refId=MZe8PIyKh9Ud7lBMQFydfg%3D%3D&trackingId=LGevyhYq57NvWLhasxDTPQ%3D%3D,LinkedIn,5,2026-03-21,19 minutes ago,2026-03-21,11:20:12,hourly,24h,2026-03-21 11:32,,
"Data Analyst Intern (Excel, SQL, Power BI)",SkillFied Mentor,India,Job,https://in.linkedin.com/jobs/view/data-analyst-intern-excel-sql-power-bi-at-skillfied-mentor-4388596910?position=6&pageNum=2&refId=WpMnThj3oMW%2FU3Rt9YqDjw%3D%3D&trackingId=fWQ2p7Ln2Yc3lADX0%2FHqCQ%3D%3D,https://in.linkedin.com/jobs/view/data-analyst-intern-excel-sql-power-bi-at-skillfied-mentor-4388596910?position=6&pageNum=2&refId=WpMnThj3oMW%2FU3Rt9YqDjw%3D%3D&trackingId=fWQ2p7Ln2Yc3lADX0%2FHqCQ%3D%3D,LinkedIn,5,2026-03-21,1 hour ago,2026-03-21,11:20:12,hourly,24h,2026-03-21 11:32,,
Junior Business Analyst,Drona Pay Private Limited,Mumbai,Job,https://internshala.com/job/detail/fresher-junior-business-analyst-job-in-mumbai-at-drona-pay-private-limited1773723555,https://internshala.com/job/detail/fresher-junior-business-analyst-job-in-mumbai-at-drona-pay-private-limited1773723555,Internshala - Job,4,,4 days ago,2026-03-21,11:22:07,hourly,24h,2026-03-21 11:32,,
Junior Business Analyst,Zulitech Solution,Work from home,Job,https://internshala.com/job/detail/fresher-remote-junior-business-analyst-job-at-zulitech-solution1772197934,https://internshala.com/job/detail/fresher-remote-junior-business-analyst-job-at-zulitech-solution1772197934,Internshala - Job,4,,3 weeks ago,2026-03-21,11:22:07,hourly,24h,2026-03-21 11:32,,
Junior Data Analyst,DataVinci Private Limited,Work from home,Job,https://internshala.com/job/detail/fresher-remote-junior-data-analyst-job-at-datavinci-private-limited1772696243,https://internshala.com/job/detail/fresher-remote-junior-data-analyst-job-at-datavinci-private-limited1772696243,Internshala - Job,4,,2 weeks ago,2026-03-21,11:22:07,hourly,24h,2026-03-21 11:32,,
Business Analyst,Evolko,Lucknow,Internship,https://internshala.com/internship/detail/business-analyst-internship-in-lucknow-at-evolko1773127414,https://internshala.com/internship/detail/business-analyst-internship-in-lucknow-at-evolko1773127414,Internshala - Internship,3,,1 week ago,2026-03-21,11:22:07,hourly,24h,2026-03-21 11:32,,
Business Analyst,Brain Quest,Work from home,Internship,https://internshala.com/internship/detail/work-from-home-business-analyst-internship-at-brain-quest1773304101,https://internshala.com/internship/detail/work-from-home-business-analyst-internship-at-brain-quest1773304101,Internshala - Internship,3,,1 week ago,2026-03-21,11:22:07,hourly,24h,2026-03-21 11:32,,
Business Analyst Assistant,Ozibook Tech Solutions Private Limited,Work from home,Internship,https://internshala.com/internship/detail/work-from-home-part-time-business-analyst-assistant-internship-at-ozibook-tech-solutions-private-limited1772007360,https://internshala.com/internship/detail/work-from-home-part-time-business-analyst-assistant-internship-at-ozibook-tech-solutions-private-limited1772007360,Internshala - Internship,3,,3 weeks ago,2026-03-21,11:22:07,hourly,24h,2026-03-21 11:32,,
Data Analyst,Awakn,Work from home,Internship,https://internshala.com/internship/detail/work-from-home-data-analyst-internship-at-awakn1773659036,https://internshala.com/internship/detail/work-from-home-data-analyst-internship-at-awakn1773659036,Internshala - Internship,3,,4 days ago,2026-03-21,11:22:07,hourly,24h,2026-03-21 11:32,,
Data Analyst,Zorvyn,Work from home,Internship,https://internshala.com/internship/detail/work-from-home-data-analyst-internship-at-zorvyn1771821504,https://internshala.com/internship/detail/work-from-home-data-analyst-internship-at-zorvyn1771821504,Internshala - Internship,3,,3 weeks ago,2026-03-21,11:22:07,hourly,24h,2026-03-21 11:32,,
Data Analyst,JP IT STAFFING LLC,Work from home,Internship,https://internshala.com/internship/detail/work-from-home-part-time-data-analyst-internship-at-jp-it-staffing-llc1771304302,https://internshala.com/internship/detail/work-from-home-part-time-data-analyst-internship-at-jp-it-staffing-llc1771304302,Internshala - Internship,3,,3 weeks ago,2026-03-21,11:22:07,hourly,24h,2026-03-21 11:32,,
Football Data Analysts,Ball2Data,Work from home,Internship,https://internshala.com/internship/detail/work-from-home-football-data-analysts-internship-at-ball2data1773723088,https://internshala.com/internship/detail/work-from-home-football-data-analysts-internship-at-ball2data1773723088,Internshala - Internship,3,,4 days ago,2026-03-21,11:22:07,hourly,24h,2026-03-21 11:32,,
Techno Functional Operations/Data Analyst,Alchelyst India Pvt Ltd,Bangalore,Internship,https://internshala.com/internship/detail/techno-functional-operations-data-analyst-internship-in-bangalore-at-alchelyst-india-pvt-ltd1773892952,https://internshala.com/internship/detail/techno-functional-operations-data-analyst-internship-in-bangalore-at-alchelyst-india-pvt-ltd1773892952,Internshala - Internship,3,,2 days ago,2026-03-21,11:22:07,hourly,24h,2026-03-21 11:32,,
Business Analyst,Innovfix Private Limited,Bangalore (Hybrid),Job,https://internshala.com/job/detail/fresher-business-analyst-job-in-bangalore-at-innovfix-private-limited1772776422,https://internshala.com/job/detail/fresher-business-analyst-job-in-bangalore-at-innovfix-private-limited1772776422,Internshala - Job,3,,2 weeks ago,2026-03-21,11:22:07,hourly,24h,2026-03-21 11:32,,
Business Analyst,Stage X,Bhopal,Job,https://internshala.com/job/detail/business-analyst-job-in-bhopal-at-stage-x1771934313,https://internshala.com/job/detail/business-analyst-job-in-bhopal-at-stage-x1771934313,Internshala - Job,3,,3 weeks ago,2026-03-21,11:22:07,hourly,24h,2026-03-21 11:32,,
Business Analyst,Antano&Harini,Chennai,Job,https://internshala.com/job/detail/business-analyst-job-in-chennai-at-antano-harini1772865767,https://internshala.com/job/detail/business-analyst-job-in-chennai-at-antano-harini1772865767,Internshala - Job,3,,1 week ago,2026-03-21,11:22:07,hourly,24h,2026-03-21 11:32,,
Business Analyst,Truetribe Advisors,Mumbai,Job,https://internshala.com/job/detail/fresher-business-analyst-job-in-mumbai-at-truetribe-advisors1772691195,https://internshala.com/job/detail/fresher-business-analyst-job-in-mumbai-at-truetribe-advisors1772691195,Internshala - Job,3,,2 weeks ago,2026-03-21,11:22:07,hourly,24h,2026-03-21 11:32,,
Business Analyst,SMB Catalyst,Mumbai,Job,https://internshala.com/job/detail/business-analyst-job-in-mumbai-at-smb-catalyst1772736958,https://internshala.com/job/detail/business-analyst-job-in-mumbai-at-smb-catalyst1772736958,Internshala - Job,3,,2 weeks ago,2026-03-21,11:22:07,hourly,24h,2026-03-21 11:32,,
Business Analyst,Gluzo,Noida,Job,https://internshala.com/job/detail/fresher-business-analyst-job-in-noida-at-gluzo1773157014,https://internshala.com/job/detail/fresher-business-analyst-job-in-noida-at-gluzo1773157014,Internshala - Job,3,,1 week ago,2026-03-21,11:22:07,hourly,24h,2026-03-21 11:32,,
Data Analyst,"E-Health Research Center, IIIT-Bangalore",Bangalore,Job,https://internshala.com/job/detail/data-analyst-job-in-bangalore-at-e-health-research-center-iiit-bangalore1771949991,https://internshala.com/job/detail/data-analyst-job-in-bangalore-at-e-health-research-center-iiit-bangalore1771949991,Internshala - Job,3,,3 weeks ago,2026-03-21,11:22:07,hourly,24h,2026-03-21 11:32,,
Data Analyst,Amicon Hub Services,Noida,Job,https://internshala.com/job/detail/data-analyst-job-in-noida-at-amicon-hub-services1773049033,https://internshala.com/job/detail/data-analyst-job-in-noida-at-amicon-hub-services1773049033,Internshala - Job,3,,1 week ago,2026-03-21,11:22:07,hourly,24h,2026-03-21 11:32,,
Data Analyst,StatusNeo,Work from home,Job,https://internshala.com/job/detail/fresher-remote-data-analyst-job-at-statusneo1773999138,https://internshala.com/job/detail/fresher-remote-data-analyst-job-at-statusneo1773999138,Internshala - Job,3,,today,2026-03-21,11:22:07,hourly,24h,2026-03-21 11:32,,
Data Analyst,EFICYENT,Work from home,Job,https://internshala.com/job/detail/remote-data-analyst-job-at-eficyent1773568446,https://internshala.com/job/detail/remote-data-analyst-job-at-eficyent1773568446,Internshala - Job,3,,5 days ago,2026-03-21,11:22:07,hourly,24h,2026-03-21 11:32,,
Data Analyst,Tata Consultancy Services,Work from home,Job,https://internshala.com/job/detail/fresher-remote-data-analyst-job-at-tata-consultancy-services1774003992,https://internshala.com/job/detail/fresher-remote-data-analyst-job-at-tata-consultancy-services1774003992,Internshala - Job,3,,today,2026-03-21,11:22:07,hourly,24h,2026-03-21 11:32,,
Data Analyst,Arcana,Work from home,Job,https://internshala.com/job/detail/fresher-remote-data-analyst-job-at-arcana1769301339,https://internshala.com/job/detail/fresher-remote-data-analyst-job-at-arcana1769301339,Internshala - Job,3,,3 weeks ago,2026-03-21,11:22:07,hourly,24h,2026-03-21 11:32,,
Data Analyst,Navi,Work from home,Job,https://internshala.com/job/detail/remote-data-analyst-job-at-navi1772876947,https://internshala.com/job/detail/remote-data-analyst-job-at-navi1772876947,Internshala - Job,3,,1 week ago,2026-03-21,11:22:07,hourly,24h,2026-03-21 11:32,,
Data Analyst (Bengali Speaker),"Peroptyx (Castlebar, Ireland)",Work from home,Job,https://internshala.com/job/detail/fresher-remote-part-time-data-analyst-bengali-speaker-job-at-peroptyx1774023771,https://internshala.com/job/detail/fresher-remote-part-time-data-analyst-bengali-speaker-job-at-peroptyx1774023771,Internshala - Job,3,,today,2026-03-21,11:22:07,hourly,24h,2026-03-21 11:32,,
Data Analyst (English Speaker),"Peroptyx (Castlebar, Ireland)",Work from home,Job,https://internshala.com/job/detail/fresher-remote-part-time-data-analyst-english-speaker-job-at-peroptyx1774022555,https://internshala.com/job/detail/fresher-remote-part-time-data-analyst-english-speaker-job-at-peroptyx1774022555,Internshala - Job,3,,today,2026-03-21,11:22:07,hourly,24h,2026-03-21 11:32,,
Data Analyst (Gujarati Speaker),"Peroptyx (Castlebar, Ireland)",Work from home,Job,https://internshala.com/job/detail/fresher-remote-part-time-data-analyst-gujarati-speaker-job-at-peroptyx1774023624,https://internshala.com/job/detail/fresher-remote-part-time-data-analyst-gujarati-speaker-job-at-peroptyx1774023624,Internshala - Job,3,,today,2026-03-21,11:22:07,hourly,24h,2026-03-21 11:32,,
Data Analyst (Kannada Speaker),"Peroptyx (Castlebar, Ireland)",Work from home,Job,https://internshala.com/job/detail/fresher-remote-part-time-data-analyst-kannada-speaker-job-at-peroptyx1774023424,https://internshala.com/job/detail/fresher-remote-part-time-data-analyst-kannada-speaker-job-at-peroptyx1774023424,Internshala - Job,3,,today,2026-03-21,11:22:07,hourly,24h,2026-03-21 11:32,,
Data Analyst (Malayalam Speaker),"Peroptyx (Castlebar, Ireland)",Work from home,Job,https://internshala.com/job/detail/fresher-remote-part-time-data-analyst-malayalam-speaker-job-at-peroptyx1773399470,https://internshala.com/job/detail/fresher-remote-part-time-data-analyst-malayalam-speaker-job-at-peroptyx1773399470,Internshala - Job,3,,7 days ago,2026-03-21,11:22:07,hourly,24h,2026-03-21 11:32,,
Data Analyst (Marathi Speaker),"Peroptyx (Castlebar, Ireland)",Work from home,Job,https://internshala.com/job/detail/fresher-remote-part-time-data-analyst-marathi-speaker-job-at-peroptyx1774023194,https://internshala.com/job/detail/fresher-remote-part-time-data-analyst-marathi-speaker-job-at-peroptyx1774023194,Internshala - Job,3,,today,2026-03-21,11:22:07,hourly,24h,2026-03-21 11:32,,
Data Analyst (Odia/Oriya Speaker),"Peroptyx (Castlebar, Ireland)",Work from home,Job,https://internshala.com/job/detail/fresher-remote-part-time-data-analyst-odia-oriya-speaker-job-at-peroptyx1774022923,https://internshala.com/job/detail/fresher-remote-part-time-data-analyst-odia-oriya-speaker-job-at-peroptyx1774022923,Internshala - Job,3,,today,2026-03-21,11:22:07,hourly,24h,2026-03-21 11:32,,
Data Analyst (Punjabi Speaker),"Peroptyx (Castlebar, Ireland)",Work from home,Job,https://internshala.com/job/detail/fresher-remote-part-time-data-analyst-punjabi-speaker-job-at-peroptyx1774024101,https://internshala.com/job/detail/fresher-remote-part-time-data-analyst-punjabi-speaker-job-at-peroptyx1774024101,Internshala - Job,3,,today,2026-03-21,11:22:07,hourly,24h,2026-03-21 11:32,,
Data Analyst (Tamil Speaker),"Peroptyx (Castlebar, Ireland)",Work from home,Job,https://internshala.com/job/detail/fresher-remote-part-time-data-analyst-tamil-speaker-job-at-peroptyx1772801982,https://internshala.com/job/detail/fresher-remote-part-time-data-analyst-tamil-speaker-job-at-peroptyx1772801982,Internshala - Job,3,,2 weeks ago,2026-03-21,11:22:07,hourly,24h,2026-03-21 11:32,,
Data Analyst (Telugu Speaker),"Peroptyx (Castlebar, Ireland)",Work from home,Job,https://internshala.com/job/detail/fresher-remote-part-time-data-analyst-telugu-speaker-job-at-peroptyx1772802048,https://internshala.com/job/detail/fresher-remote-part-time-data-analyst-telugu-speaker-job-at-peroptyx1772802048,Internshala - Job,3,,2 weeks ago,2026-03-21,11:22:07,hourly,24h,2026-03-21 11:32,,
Data Analyst (Urdu Speaker),"Peroptyx (Castlebar, Ireland)",Work from home,Job,https://internshala.com/job/detail/fresher-remote-part-time-data-analyst-urdu-speaker-job-at-peroptyx1773399715,https://internshala.com/job/detail/fresher-remote-part-time-data-analyst-urdu-speaker-job-at-peroptyx1773399715,Internshala - Job,3,,7 days ago,2026-03-21,11:22:07,hourly,24h,2026-03-21 11:32,,
Online Data Analyst - Odia,TELUS Digital,Work from home,Job,https://internshala.com/job/detail/fresher-remote-part-time-online-data-analyst-odia-job-at-telus-digital1772152273,https://internshala.com/job/detail/fresher-remote-part-time-online-data-analyst-odia-job-at-telus-digital1772152273,Internshala - Job,3,,today,2026-03-21,11:22:07,hourly,24h,2026-03-21 11:32,,
Clinical Business Analyst - Healthcare,Talentgigs,"Chennai, Tamil Nadu, India",Job,https://in.linkedin.com/jobs/view/clinical-business-analyst-healthcare-at-talentgigs-4388265380?position=35&pageNum=0&refId=MZe8PIyKh9Ud7lBMQFydfg%3D%3D&trackingId=K3MojBG394AcrOnnfSbatg%3D%3D,https://in.linkedin.com/jobs/view/clinical-business-analyst-healthcare-at-talentgigs-4388265380?position=35&pageNum=0&refId=MZe8PIyKh9Ud7lBMQFydfg%3D%3D&trackingId=K3MojBG394AcrOnnfSbatg%3D%3D,LinkedIn,3,2026-03-21,35 minutes ago,2026-03-21,11:20:12,hourly,24h,2026-03-21 11:32,,
Data Analyst,GoodSpace AI,India,Job,https://in.linkedin.com/jobs/view/data-analyst-at-goodspace-ai-4386138635?position=5&pageNum=0&refId=MZe8PIyKh9Ud7lBMQFydfg%3D%3D&trackingId=DEtNsdaZgvBDbbyNwDOqsQ%3D%3D,https://in.linkedin.com/jobs/view/data-analyst-at-goodspace-ai-4386138635?position=5&pageNum=0&refId=MZe8PIyKh9Ud7lBMQFydfg%3D%3D&trackingId=DEtNsdaZgvBDbbyNwDOqsQ%3D%3D,LinkedIn,3,2026-03-21,1 hour ago,2026-03-21,11:20:12,hourly,24h,2026-03-21 11:32,,
"Data Analyst - SQL, Tableau, Visio, Snowflake, DataStage (SG 25, 26, 27, 28)",Optum India,"Hyderabad, Telangana, India",Job,https://in.linkedin.com/jobs/view/data-analyst-sql-tableau-visio-snowflake-datastage-sg-25-26-27-28-at-optum-india-4388706307?position=12&pageNum=0&refId=MZe8PIyKh9Ud7lBMQFydfg%3D%3D&trackingId=Nag06IxSBXB3JJbE0R%2FEpw%3D%3D,https://in.linkedin.com/jobs/view/data-analyst-sql-tableau-visio-snowflake-datastage-sg-25-26-27-28-at-optum-india-4388706307?position=12&pageNum=0&refId=MZe8PIyKh9Ud7lBMQFydfg%3D%3D&trackingId=Nag06IxSBXB3JJbE0R%2FEpw%3D%3D,LinkedIn,3,2026-03-21,8 minutes ago,2026-03-21,11:20:12,hourly,24h,2026-03-21 11:32,,
Data Analyst Trainee,MTE Trainings,India,Job,https://in.linkedin.com/jobs/view/data-analyst-trainee-at-mte-trainings-4388254634?position=1&pageNum=0&refId=MZe8PIyKh9Ud7lBMQFydfg%3D%3D&trackingId=wqfQc2h9CKvi3pITadBgQw%3D%3D,https://in.linkedin.com/jobs/view/data-analyst-trainee-at-mte-trainings-4388254634?position=1&pageNum=0&refId=MZe8PIyKh9Ud7lBMQFydfg%3D%3D&trackingId=wqfQc2h9CKvi3pITadBgQw%3D%3D,LinkedIn,3,2026-03-21,1 hour ago,2026-03-21,11:20:12,hourly,24h,2026-03-21 11:32,,
Data Analyst Trainee,MedTourEasy Gurugram,India,Job,https://in.linkedin.com/jobs/view/data-analyst-trainee-at-medtoureasy-gurugram-4388266290?position=16&pageNum=0&refId=MZe8PIyKh9Ud7lBMQFydfg%3D%3D&trackingId=%2F6Xu7r2Kho8nqnYoBeHI1A%3D%3D,https://in.linkedin.com/jobs/view/data-analyst-trainee-at-medtoureasy-gurugram-4388266290?position=16&pageNum=0&refId=MZe8PIyKh9Ud7lBMQFydfg%3D%3D&trackingId=%2F6Xu7r2Kho8nqnYoBeHI1A%3D%3D,LinkedIn,3,2026-03-21,1 hour ago,2026-03-21,11:20:12,hourly,24h,2026-03-21 11:32,,
Data Analyst Trainee,MedTourEasy,India,Job,https://in.linkedin.com/jobs/view/data-analyst-trainee-at-medtoureasy-4388274045?position=20&pageNum=0&refId=MZe8PIyKh9Ud7lBMQFydfg%3D%3D&trackingId=RYsMZyfd2sognkXQD1T73g%3D%3D,https://in.linkedin.com/jobs/view/data-analyst-trainee-at-medtoureasy-4388274045?position=20&pageNum=0&refId=MZe8PIyKh9Ud7lBMQFydfg%3D%3D&trackingId=RYsMZyfd2sognkXQD1T73g%3D%3D,LinkedIn,3,2026-03-21,1 hour ago,2026-03-21,11:20:12,hourly,24h,2026-03-21 11:32,,
Data Analyst Trainee,InsightAI,India,Job,https://in.linkedin.com/jobs/view/data-analyst-trainee-at-insightai-4387993247?position=7&pageNum=0&refId=MZe8PIyKh9Ud7lBMQFydfg%3D%3D&trackingId=rsF3ZFQrxpMykULUbO704A%3D%3D,https://in.linkedin.com/jobs/view/data-analyst-trainee-at-insightai-4387993247?position=7&pageNum=0&refId=MZe8PIyKh9Ud7lBMQFydfg%3D%3D&trackingId=rsF3ZFQrxpMykULUbO704A%3D%3D,LinkedIn,3,2026-03-21,50 minutes ago,2026-03-21,11:20:12,hourly,24h,2026-03-21 11:32,,
Data Analyst Trainee,MedTourEasy Bengaluru,India,Job,https://in.linkedin.com/jobs/view/data-analyst-trainee-at-medtoureasy-bengaluru-4388259524?position=18&pageNum=0&refId=MZe8PIyKh9Ud7lBMQFydfg%3D%3D&trackingId=5YEduuYiVZmYw23PZSLeGA%3D%3D,https://in.linkedin.com/jobs/view/data-analyst-trainee-at-medtoureasy-bengaluru-4388259524?position=18&pageNum=0&refId=MZe8PIyKh9Ud7lBMQFydfg%3D%3D&trackingId=5YEduuYiVZmYw23PZSLeGA%3D%3D,LinkedIn,3,2026-03-21,23 minutes ago,2026-03-21,11:20:12,hourly,24h,2026-03-21 11:32,,
Data Analyst,Guidehouse,India,,https://guidehouse.wd1.myworkdayjobs.com/External/job/IN---Chennai/Data-Analyst_36419/,https://guidehouse.wd1.myworkdayjobs.com/External/job/IN---Chennai/Data-Analyst_36419/,Talentd,3,,,2026-03-21,11:22:10,hourly,24h,2026-03-21 11:32,,
Admin & Research,Suhit Impex International LLP,Navi Mumbai,Internship,https://internshala.com/internship/detail/part-time-admin-research-internship-in-navi-mumbai-at-suhit-impex-international-llp1773077787,https://internshala.com/internship/detail/part-time-admin-research-internship-in-navi-mumbai-at-suhit-impex-international-llp1773077787,Internshala - Internship,2,,1 week ago,2026-03-21,11:22:07,hourly,24h,2026-03-21 11:32,,
Business Development & Marketing (International & OEM Focus),PPLMeliorate Service Private Limited,Work from home,Internship,https://internshala.com/internship/detail/work-from-home-part-time-business-development-marketing-international-oem-focus-internship-at-pplmeliorate-service-private-limited1772703977,https://internshala.com/internship/detail/work-from-home-part-time-business-development-marketing-international-oem-focus-internship-at-pplmeliorate-service-private-limited1772703977,Internshala - Internship,2,,2 weeks ago,2026-03-21,11:22:07,hourly,24h,2026-03-21 11:32,,
Cybersecurity Analyst Intern,Zorvyn,Work from home,Internship,https://internshala.com/internship/detail/work-from-home-cybersecurity-analyst-intern-internship-at-zorvyn1772876410,https://internshala.com/internship/detail/work-from-home-cybersecurity-analyst-intern-internship-at-zorvyn1772876410,Internshala - Internship,2,,1 week ago,2026-03-21,11:22:07,hourly,24h,2026-03-21 11:32,,
Data Scientist Intern,Artha Group,Work from home,Internship,https://internshala.com/internship/detail/work-from-home-data-scientist-intern-internship-at-artha-group1774001827,https://internshala.com/internship/detail/work-from-home-data-scientist-intern-internship-at-artha-group1774001827,Internshala - Internship,2,,today,2026-03-21,11:22:07,hourly,24h,2026-03-21 11:32,,
"E-Commerce Intern (Amazon, Flipkart & Blinkit)",EROEI Tech Private Limited,Bangalore,Internship,https://internshala.com/internship/detail/marketplace-amazon-flipkart-blinkit-internship-in-bangalore-at-eroei-tech-private-limited1772864342,https://internshala.com/internship/detail/marketplace-amazon-flipkart-blinkit-internship-in-bangalore-at-eroei-tech-private-limited1772864342,Internshala - Internship,2,,1 week ago,2026-03-21,11:22:07,hourly,24h,2026-03-21 11:32,,
Internal Audit,Just Procure,"Thane, Mumbai (Hybrid)",Internship,https://internshala.com/internship/detail/part-time-internal-audit-internship-in-multiple-locations-at-just-procure1773817893,https://internshala.com/internship/detail/part-time-internal-audit-internship-in-multiple-locations-at-just-procure1773817893,Internshala - Internship,2,,2 days ago,2026-03-21,11:22:07,hourly,24h,2026-03-21 11:32,,
Internal Tools/QA Engineering,Namaah Pvt Ltd,Work from home,Internship,https://internshala.com/internship/detail/work-from-home-internal-tools-qa-engineering-internship-at-namaah-pvt-ltd1772775151,https://internshala.com/internship/detail/work-from-home-internal-tools-qa-engineering-internship-at-namaah-pvt-ltd1772775151,Internshala - Internship,2,,2 weeks ago,2026-03-21,11:22:07,hourly,24h,2026-03-21 11:32,,
Internshala Student Partner,Arahas Technologies Private Limited,Gurgaon,Internship,https://internshala.com/internship/detail/internshala-student-partner-internship-in-gurgaon-at-neeraj-sharma1771583333,https://internshala.com/internship/detail/internshala-student-partner-internship-in-gurgaon-at-neeraj-sharma1771583333,Internshala - Internship,2,,3 weeks ago,2026-03-21,11:22:07,hourly,24h,2026-03-21 11:32,,
MIS Intern,Zippee,Gurgaon,Internship,https://internshala.com/internship/detail/mis-intern-internship-in-gurgaon-at-zippee1771996973,https://internshala.com/internship/detail/mis-intern-internship-in-gurgaon-at-zippee1771996973,Internshala - Internship,2,,3 weeks ago,2026-03-21,11:22:07,hourly,24h,2026-03-21 11:32,,
Operations,Saltec International,Kolkata,Internship,https://internshala.com/internship/detail/part-time-operations-internship-in-kolkata-at-saltec-international1773395363,https://internshala.com/internship/detail/part-time-operations-internship-in-kolkata-at-saltec-international1773395363,Internshala - Internship,2,,today,2026-03-21,11:22:07,hourly,24h,2026-03-21 11:32,,
Partnerships & Growth Intern (Remote),Bharat Career Compass,Work from home,Internship,https://internshala.com/internship/detail/work-from-home-partnerships-growth-intern-remote-internship-at-bharat-career-compass1773147563,https://internshala.com/internship/detail/work-from-home-partnerships-growth-intern-remote-internship-at-bharat-career-compass1773147563,Internshala - Internship,2,,1 week ago,2026-03-21,11:22:07,hourly,24h,2026-03-21 11:32,,
Privacy And Data Protection Intern,QpiAI,Bangalore,Internship,https://internshala.com/internship/detail/privacy-and-data-protection-intern-internship-in-bangalore-at-qpiai1773139686,https://internshala.com/internship/detail/privacy-and-data-protection-intern-internship-in-bangalore-at-qpiai1773139686,Internshala - Internship,2,,1 week ago,2026-03-21,11:22:07,hourly,24h,2026-03-21 11:32,,
Product Analyst Intern,Material Depot,Bangalore,Internship,https://internshala.com/internship/detail/product-analyst-intern-internship-in-bangalore-at-material-depot1772709188,https://internshala.com/internship/detail/product-analyst-intern-internship-in-bangalore-at-material-depot1772709188,Internshala - Internship,2,,2 weeks ago,2026-03-21,11:22:07,hourly,24h,2026-03-21 11:32,,
Teaching Assistant - Financial Modelling,Internshala,Work from home,Internship,https://internshala.com/internship/detail/work-from-home-part-time-teaching-assistant-financial-modelling-internship-at-internshala1772864041,https://internshala.com/internship/detail/work-from-home-part-time-teaching-assistant-financial-modelling-internship-at-internshala1772864041,Internshala - Internship,2,,1 week ago,2026-03-21,11:22:07,hourly,24h,2026-03-21 11:32,,
AI & Coding Intern,J D Jones & Company Private Limited,Kolkata,Job,https://internshala.com/internship/detail/ai-coding-intern-internship-in-kolkata-at-j-d-jones-company-private-limited1773905954,https://internshala.com/internship/detail/ai-coding-intern-internship-in-kolkata-at-j-d-jones-company-private-limited1773905954,Internshala - Job,2,,1 day ago,2026-03-21,11:22:07,hourly,24h,2026-03-21 11:32,,
E-commerce Executive,Mishkon International,Ahmedabad,Job,https://internshala.com/job/detail/fresher-e-commerce-executive-job-in-ahmedabad-at-mishkon-international1773660068,https://internshala.com/job/detail/fresher-e-commerce-executive-job-in-ahmedabad-at-mishkon-international1773660068,Internshala - Job,2,,4 days ago,2026-03-21,11:22:07,hourly,24h,2026-03-21 11:32,,
International Business Development,AKSYRA EXPORTS GLOBAL LLP,Ahmedabad,Job,https://internshala.com/internship/detail/international-business-development-internship-in-ahmedabad-at-aksyra-exports-global-llp1773656857,https://internshala.com/internship/detail/international-business-development-internship-in-ahmedabad-at-aksyra-exports-global-llp1773656857,Internshala - Job,2,,4 days ago,2026-03-21,11:22:07,hourly,24h,2026-03-21 11:32,,
International Business Development,Matigo Exim,"Hosur, Bangalore",Job,https://internshala.com/internship/detail/international-business-development-internship-in-multiple-locations-at-matigo-exim1772458581,https://internshala.com/internship/detail/international-business-development-internship-in-multiple-locations-at-matigo-exim1772458581,Internshala - Job,2,,2 weeks ago,2026-03-21,11:22:07,hourly,24h,2026-03-21 11:32,,
International Business Development,Neo Aid Solutions,Jaipur,Job,https://internshala.com/internship/detail/international-business-development-internship-in-jaipur-at-neo-aid-solutions1773325356,https://internshala.com/internship/detail/international-business-development-internship-in-jaipur-at-neo-aid-solutions1773325356,Internshala - Job,2,,1 week ago,2026-03-21,11:22:07,hourly,24h,2026-03-21 11:32,,
International Business Development,Blackwaretech Technology Private Limited,Mumbai (Hybrid),Job,https://internshala.com/internship/detail/international-business-development-internship-in-mumbai-at-blackwaretech-technology-private-limited1773670739,https://internshala.com/internship/detail/international-business-development-internship-in-mumbai-at-blackwaretech-technology-private-limited1773670739,Internshala - Job,2,,4 days ago,2026-03-21,11:22:07,hourly,24h,2026-03-21 11:32,,
Operations Coordinator – International Logistics/Relocation,Associated Cargo Movers And Packers Pvt Ltd,Bangalore,Job,https://internshala.com/job/detail/operations-coordinator--international-logistics-relocation-job-in-bangalore-at-associated-cargo-movers-and-packers-pvt-ltd1773391853,https://internshala.com/job/detail/operations-coordinator--international-logistics-relocation-job-in-bangalore-at-associated-cargo-movers-and-packers-pvt-ltd1773391853,Internshala - Job,2,,7 days ago,2026-03-21,11:22:07,hourly,24h,2026-03-21 11:32,,
Technical Delivery / Project Coordination Intern (Scrum & QA Focus),Thecodershub,Work from home,Job,https://internshala.com/job/detail/fresher-remote-technical-delivery-project-coordination-intern-scrum-qa-focus-job-at-thecodershub1768869017,https://internshala.com/job/detail/fresher-remote-technical-delivery-project-coordination-intern-scrum-qa-focus-job-at-thecodershub1768869017,Internshala - Job,2,,3 weeks ago,2026-03-21,11:22:07,hourly,24h,2026-03-21 11:32,,
Data Science Intern,FetchJobs.co,"Gurugram, Haryana, India",Job,https://in.linkedin.com/jobs/view/data-science-intern-at-fetchjobs-co-4386145144?position=14&pageNum=0&refId=MZe8PIyKh9Ud7lBMQFydfg%3D%3D&trackingId=GMQYtvp4d52%2FpKNXdtvNtw%3D%3D,https://in.linkedin.com/jobs/view/data-science-intern-at-fetchjobs-co-4386145144?position=14&pageNum=0&refId=MZe8PIyKh9Ud7lBMQFydfg%3D%3D&trackingId=GMQYtvp4d52%2FpKNXdtvNtw%3D%3D,LinkedIn,2,2026-03-21,1 hour ago,2026-03-21,11:20:12,hourly,24h,2026-03-21 11:32,,
Data Science Intern,Dexter's Tech,India,Job,https://in.linkedin.com/jobs/view/data-science-intern-at-dexter-s-tech-4388258680?position=23&pageNum=0&refId=MZe8PIyKh9Ud7lBMQFydfg%3D%3D&trackingId=FcuB2zxlEfkjE6NIP7Q9XA%3D%3D,https://in.linkedin.com/jobs/view/data-science-intern-at-dexter-s-tech-4388258680?position=23&pageNum=0&refId=MZe8PIyKh9Ud7lBMQFydfg%3D%3D&trackingId=FcuB2zxlEfkjE6NIP7Q9XA%3D%3D,LinkedIn,2,2026-03-21,23 minutes ago,2026-03-21,11:20:12,hourly,24h,2026-03-21 11:32,,
Private Equity Intelligence News Junior Analyst,Gain,Bangalore,Internship,https://internshala.com/internship/detail/private-equity-intelligence-news-junior-analyst-internship-in-bangalore-at-gain1773573609,https://internshala.com/internship/detail/private-equity-intelligence-news-junior-analyst-internship-in-bangalore-at-gain1773573609,Internshala - Internship,1,,5 days ago,2026-03-21,11:22:07,hourly,24h,2026-03-21 11:32,,
Junior Accountant,Dharmesh Food Process Private Limited,Indore,Job,https://internshala.com/job/detail/fresher-junior-accountant-job-in-indore-at-dharmesh-food-process-private-limited1773738560,https://internshala.com/job/detail/fresher-junior-accountant-job-in-indore-at-dharmesh-food-process-private-limited1773738560,Internshala - Job,1,,3 days ago,2026-03-21,11:22:07,hourly,24h,2026-03-21 11:32,,
Junior Analyst,Lilaba Analytical Laboratories,"Surat, Kamrej, Bhada",Job,https://internshala.com/job/detail/fresher-junior-analyst-job-in-multiple-locations-at-lilaba-analytical-laboratories1773952136,https://internshala.com/job/detail/fresher-junior-analyst-job-in-multiple-locations-at-lilaba-analytical-laboratories1773952136,Internshala - Job,1,,1 day ago,2026-03-21,11:22:07,hourly,24h,2026-03-21 11:32,,
Junior Big Data Trainee,Step Out Tech,Work from home,Job,https://internshala.com/job/detail/fresher-remote-part-time-junior-big-data-trainee-job-at-step-out-tech1773059244,https://internshala.com/job/detail/fresher-remote-part-time-junior-big-data-trainee-job-at-step-out-tech1773059244,Internshala - Job,1,,1 week ago,2026-03-21,11:22:07,hourly,24h,2026-03-21 11:32,,
Junior Data Analytics Associate,India Infrastructure Publishing Private Limited,Delhi (Hybrid),Job,https://internshala.com/job/detail/fresher-junior-data-analytics-associate-job-in-delhi-at-india-infrastructure-publishing-private-limited1772452176,https://internshala.com/job/detail/fresher-junior-data-analytics-associate-job-in-delhi-at-india-infrastructure-publishing-private-limited1772452176,Internshala - Job,1,,2 weeks ago,2026-03-21,11:22:07,hourly,24h,2026-03-21 11:32,,
Junior Data Scientist,Trivora Systems,Work from home,Job,https://internshala.com/job/detail/fresher-remote-junior-data-scientist-job-at-trivora-systems1772804471,https://internshala.com/job/detail/fresher-remote-junior-data-scientist-job-at-trivora-systems1772804471,Internshala - Job,1,,2 weeks ago,2026-03-21,11:22:07,hourly,24h,2026-03-21 11:32,,
Junior ETL Tester,Kumaran Systems,Chennai,Job,https://internshala.com/job/detail/junior-etl-tester-job-in-chennai-at-kumaran-systems1773362083,https://internshala.com/job/detail/junior-etl-tester-job-in-chennai-at-kumaran-systems1773362083,Internshala - Job,1,,1 week ago,2026-03-21,11:22:07,hourly,24h,2026-03-21 11:32,,
Junior Electrical Engineer,"Jayashree Electron Pvt Ltd, Pune",Pune,Job,https://internshala.com/job/detail/fresher-junior-electrical-engineer-job-in-pune-at-jayashree-electron-pvt-ltd-pune1771657238,https://internshala.com/job/detail/fresher-junior-electrical-engineer-job-in-pune-at-jayashree-electron-pvt-ltd-pune1771657238,Internshala - Job,1,,3 weeks ago,2026-03-21,11:22:07,hourly,24h,2026-03-21 11:32,,
Junior Executive (Onsite IIT Madras) | Punjabi,REAP RSETI E-learning AI Platform,Work from home,Job,https://internshala.com/job/detail/fresher-remote-junior-executive-onsite-iit-madras--punjabi-job-at-reap-rseti-e-learning-ai-platform1774002850,https://internshala.com/job/detail/fresher-remote-junior-executive-onsite-iit-madras--punjabi-job-at-reap-rseti-e-learning-ai-platform1774002850,Internshala - Job,1,,today,2026-03-21,11:22:07,hourly,24h,2026-03-21 11:32,,
Junior HR And Admin Executive,Vistaar Digital Communications Private Limited,Mumbai,Job,https://internshala.com/job/detail/junior-hr-and-admin-executive-job-in-mumbai-at-vistaar-digital-communications-private-limited1773812025,https://internshala.com/job/detail/junior-hr-and-admin-executive-job-in-mumbai-at-vistaar-digital-communications-private-limited1773812025,Internshala - Job,1,,3 days ago,2026-03-21,11:22:07,hourly,24h,2026-03-21 11:32,,
Junior Marketing Associate,URHRO,"Mumbai, Nalasopara",Job,https://internshala.com/job/detail/junior-marketing-associate-job-in-multiple-locations-at-urhro1773902790,https://internshala.com/job/detail/junior-marketing-associate-job-in-multiple-locations-at-urhro1773902790,Internshala - Job,1,,1 day ago,2026-03-21,11:22:07,hourly,24h,2026-03-21 11:32,,
Junior Operations Associate,Gharpayy,Bangalore,Job,https://internshala.com/job/detail/fresher-junior-operations-associate-job-in-bangalore-at-gharpayy1773811125,https://internshala.com/job/detail/fresher-junior-operations-associate-job-in-bangalore-at-gharpayy1773811125,Internshala - Job,1,,3 days ago,2026-03-21,11:22:07,hourly,24h,2026-03-21 11:32,,
Junior Operations Associate,Cre8r.ai (Grunmech Technologies Private Limited),Mumbai,Job,https://internshala.com/job/detail/fresher-junior-operations-associate-job-in-mumbai-at-cre8rai-grunmech-technologies-private-limited1772111610,https://internshala.com/job/detail/fresher-junior-operations-associate-job-in-mumbai-at-cre8rai-grunmech-technologies-private-limited1772111610,Internshala - Job,1,,3 weeks ago,2026-03-21,11:22:07,hourly,24h,2026-03-21 11:32,,
Junior Operations Associate,Shreekrishna Dyeing And Printing Works,Mumbai,Job,https://internshala.com/job/detail/junior-operations-associate-job-in-mumbai-at-shreekrishna-dyeing-and-printing-works1773382518,https://internshala.com/job/detail/junior-operations-associate-job-in-mumbai-at-shreekrishna-dyeing-and-printing-works1773382518,Internshala - Job,1,,7 days ago,2026-03-21,11:22:07,hourly,24h,2026-03-21 11:32,,
Junior Operations Associate,Uppseekers,Mumbai (Hybrid),Job,https://internshala.com/job/detail/junior-operations-associate-job-in-mumbai-at-uppseekers1773109591,https://internshala.com/job/detail/junior-operations-associate-job-in-mumbai-at-uppseekers1773109591,Internshala - Job,1,,1 week ago,2026-03-21,11:22:07,hourly,24h,2026-03-21 11:32,,
Junior Operations Associate,Questop Consulting LLP,Vashi Navi Mumbai,Job,https://internshala.com/job/detail/fresher-junior-operations-associate-job-in-vashi-navi-mumbai-at-questop-consulting-llp1772533850,https://internshala.com/job/detail/fresher-junior-operations-associate-job-in-vashi-navi-mumbai-at-questop-consulting-llp1772533850,Internshala - Job,1,,2 weeks ago,2026-03-21,11:22:07,hourly,24h,2026-03-21 11:32,,
Junior Operations Executive,Birdsong Life Private Limited,Bangalore,Job,https://internshala.com/job/detail/junior-operations-executive-job-in-bangalore-at-birdsong-life-private-limited1772873763,https://internshala.com/job/detail/junior-operations-executive-job-in-bangalore-at-birdsong-life-private-limited1772873763,Internshala - Job,1,,1 week ago,2026-03-21,11:22:07,hourly,24h,2026-03-21 11:32,,
Junior Operations Executive,Adisri Publications Private Limited,"Delhi, Ghaziabad, Noida",Job,https://internshala.com/job/detail/junior-operations-executive-job-in-multiple-locations-at-adisri-publications-private-limited1772963230,https://internshala.com/job/detail/junior-operations-executive-job-in-multiple-locations-at-adisri-publications-private-limited1772963230,Internshala - Job,1,,1 week ago,2026-03-21,11:22:07,hourly,24h,2026-03-21 11:32,,
Junior Operations Executive,Giftech Global,Mumbai,Job,https://internshala.com/job/detail/fresher-junior-operations-executive-job-in-mumbai-at-giftech-global1771675828,https://internshala.com/job/detail/fresher-junior-operations-executive-job-in-mumbai-at-giftech-global1771675828,Internshala - Job,1,,3 weeks ago,2026-03-21,11:22:07,hourly,24h,2026-03-21 11:32,,
Junior Operations Executive,Remitout Service Private Limited,Mumbai,Job,https://internshala.com/job/detail/junior-operations-executive-job-in-mumbai-at-remitout-service-private-limited1773144262,https://internshala.com/job/detail/junior-operations-executive-job-in-mumbai-at-remitout-service-private-limited1773144262,Internshala - Job,1,,1 week ago,2026-03-21,11:22:07,hourly,24h,2026-03-21 11:32,,
Junior Operations Executive,Shri Vardhaman Broking,Mumbai,Job,https://internshala.com/job/detail/junior-operations-executive-job-in-mumbai-at-shri-vardhaman-broking1773316373,https://internshala.com/job/detail/junior-operations-executive-job-in-mumbai-at-shri-vardhaman-broking1773316373,Internshala - Job,1,,1 week ago,2026-03-21,11:22:07,hourly,24h,2026-03-21 11:32,,
Junior Operations Executive (Male),CME Academy,"Thane, Kalyan, Mumbai, Virar, Vasai",Job,https://internshala.com/job/detail/junior-operations-executive-job-in-multiple-locations-at-cme-academy1773665445,https://internshala.com/job/detail/junior-operations-executive-job-in-multiple-locations-at-cme-academy1773665445,Internshala - Job,1,,4 days ago,2026-03-21,11:22:07,hourly,24h,2026-03-21 11:32,,
Junior Operations Specialist,Goldrush Sports Coffee,Bangalore,Job,https://internshala.com/job/detail/fresher-junior-operations-specialist-job-in-bangalore-at-goldrush-sports-coffee1773152327,https://internshala.com/job/detail/fresher-junior-operations-specialist-job-in-bangalore-at-goldrush-sports-coffee1773152327,Internshala - Job,1,,1 week ago,2026-03-21,11:22:07,hourly,24h,2026-03-21 11:32,,
Junior Operations Specialist,Ruha Jewels,Mumbai,Job,https://internshala.com/job/detail/fresher-junior-operations-specialist-job-in-mumbai-at-ruha-jewels1770978544,https://internshala.com/job/detail/fresher-junior-operations-specialist-job-in-mumbai-at-ruha-jewels1770978544,Internshala - Job,1,,3 weeks ago,2026-03-21,11:22:07,hourly,24h,2026-03-21 11:32,,
Junior Operations Supervisor,Kayakriti Plastic Sugery And Dental Centre,Lucknow,Job,https://internshala.com/job/detail/fresher-junior-operations-supervisor-job-in-lucknow-at-kayakriti-plastic-sugery-and-dental-centre1773646650,https://internshala.com/job/detail/fresher-junior-operations-supervisor-job-in-lucknow-at-kayakriti-plastic-sugery-and-dental-centre1773646650,Internshala - Job,1,,4 days ago,2026-03-21,11:22:07,hourly,24h,2026-03-21 11:32,,
Junior Operations Trainee,Softcell Technologies Limited,Mumbai,Job,https://internshala.com/job/detail/fresher-junior-operations-trainee-job-in-mumbai-at-softcell-technologies-limited1773746883,https://internshala.com/job/detail/fresher-junior-operations-trainee-job-in-mumbai-at-softcell-technologies-limited1773746883,Internshala - Job,1,,3 days ago,2026-03-21,11:22:07,hourly,24h,2026-03-21 11:32,,
Junior Software Engineer (QA),EzeiaTech Systems Private Limited,Gurgaon,Job,https://internshala.com/job/detail/junior-software-engineer-qa-job-in-gurgaon-at-aaryan-kumar1773901424,https://internshala.com/job/detail/junior-software-engineer-qa-job-in-gurgaon-at-aaryan-kumar1773901424,Internshala - Job,1,,1 day ago,2026-03-21,11:22:07,hourly,24h,2026-03-21 11:32,,
Junior Software Tester,Outright Systems Private Limited,"Delhi, Ghaziabad, Gurgaon, Noida",Job,https://internshala.com/job/detail/junior-software-tester-job-in-multiple-locations-at-outright-systems-private-limited1772023843,https://internshala.com/job/detail/junior-software-tester-job-in-multiple-locations-at-outright-systems-private-limited1772023843,Internshala - Job,1,,3 weeks ago,2026-03-21,11:22:07,hourly,24h,2026-03-21 11:32,,
Junior Software Tester,Bug Hunters Private Limited,Noida,Job,https://internshala.com/job/detail/fresher-junior-software-tester-job-in-noida-at-bug-hunters-private-limited1772790383,https://internshala.com/job/detail/fresher-junior-software-tester-job-in-noida-at-bug-hunters-private-limited1772790383,Internshala - Job,1,,2 weeks ago,2026-03-21,11:22:07,hourly,24h,2026-03-21 11:32,,
Junior Software Tester,Easyq Solutions And Technologies Private Limited,Work from home,Job,https://internshala.com/job/detail/remote-junior-software-tester-job-at-easyq-solutions-and-technologies-private-limited1771820880,https://internshala.com/job/detail/remote-junior-software-tester-job-at-easyq-solutions-and-technologies-private-limited1771820880,Internshala - Job,1,,3 weeks ago,2026-03-21,11:22:07,hourly,24h,2026-03-21 11:32,,
Junior Software Tester,AIVOA,Work from home,Job,https://internshala.com/job/detail/fresher-remote-junior-software-tester-job-at-aivoa1772688720,https://internshala.com/job/detail/fresher-remote-junior-software-tester-job-at-aivoa1772688720,Internshala - Job,1,,2 weeks ago,2026-03-21,11:22:07,hourly,24h,2026-03-21 11:32,,
Junior Data Coordinator,FiscalNote,"Itanagar, Arunachal Pradesh, India",Job,https://in.linkedin.com/jobs/view/junior-data-coordinator-at-fiscalnote-4388188137?position=1&pageNum=2&refId=rpX23Fnds%2Fdp9geLp1BRFw%3D%3D&trackingId=A%2Fk23i4WU3byvMqlXrGRkw%3D%3D,https://in.linkedin.com/jobs/view/junior-data-coordinator-at-fiscalnote-4388188137?position=1&pageNum=2&refId=rpX23Fnds%2Fdp9geLp1BRFw%3D%3D&trackingId=A%2Fk23i4WU3byvMqlXrGRkw%3D%3D,LinkedIn,1,2026-03-20,23 hours ago,2026-03-21,11:20:12,hourly,24h,2026-03-21 11:32,,
1 Week Fundraising,Basti Ki Pathshala Foundation,Work from home,Internship,https://internshala.com/internship/detail/work-from-home-1-week-fundraising-internship-at-basti-ki-pathshala-foundation1774006510,https://internshala.com/internship/detail/work-from-home-1-week-fundraising-internship-at-basti-ki-pathshala-foundation1774006510,Internshala - Internship,0,,today,2026-03-21,11:22:07,hourly,24h,2026-03-21 11:32,,
3D And Photogrammetry Associate,Fynd,Work from home,Internship,https://internshala.com/internship/detail/work-from-home-3d-and-photogrammetry-associate-internship-at-fynd1773570910,https://internshala.com/internship/detail/work-from-home-3d-and-photogrammetry-associate-internship-at-fynd1773570910,Internshala - Internship,0,,5 days ago,2026-03-21,11:22:07,hourly,24h,2026-03-21 11:32,,
7 Days Virtual Charity Drive,She Can Foundation,Work from home,Internship,https://internshala.com/internship/detail/work-from-home-part-time-7-days-virtual-charity-drive-internship-at-she-can-foundation1774006266,https://internshala.com/internship/detail/work-from-home-part-time-7-days-virtual-charity-drive-internship-at-she-can-foundation1774006266,Internshala - Internship,0,,today,2026-03-21,11:22:07,hourly,24h,2026-03-21 11:32,,
ACCA - Accounting [PER],CBS Ventures,Kochi,Internship,https://internshala.com/internship/detail/acca-accounting-per-internship-in-kochi-at-cbs-ventures1772696511,https://internshala.com/internship/detail/acca-accounting-per-internship-in-kochi-at-cbs-ventures1772696511,Internshala - Internship,0,,2 weeks ago,2026-03-21,11:22:07,hourly,24h,2026-03-21 11:32,,
AI & Data Science,SIRPI Products & Services Private Limited,Bangalore,Internship,https://internshala.com/internship/detail/ai-data-science-internship-in-bangalore-at-sirpi-products-services-private-limited1772098191,https://internshala.com/internship/detail/ai-data-science-internship-in-bangalore-at-sirpi-products-services-private-limited1772098191,Internshala - Internship,0,,3 weeks ago,2026-03-21,11:22:07,hourly,24h,2026-03-21 11:32,,
AI Bootcamp Catalyst,I Educate Myself Daily Foundation,Work from home,Internship,https://internshala.com/internship/detail/work-from-home-part-time-ai-bootcamp-catalyst-internship-at-i-educate-myself-daily-foundation1773651588,https://internshala.com/internship/detail/work-from-home-part-time-ai-bootcamp-catalyst-internship-at-i-educate-myself-daily-foundation1773651588,Internshala - Internship,0,,4 days ago,2026-03-21,11:22:07,hourly,24h,2026-03-21 11:32,,
AI Data Tagging,Indiaum Solutions,Work from home,Internship,https://internshala.com/internship/detail/work-from-home-ai-data-tagging-internship-at-indiaum-solutions1773997327,https://internshala.com/internship/detail/work-from-home-ai-data-tagging-internship-at-indiaum-solutions1773997327,Internshala - Internship,0,,today,2026-03-21,11:22:07,hourly,24h,2026-03-21 11:32,,
AI Dataset Preparation,Indiaum Solutions,Work from home,Internship,https://internshala.com/internship/detail/work-from-home-ai-dataset-preparation-internship-at-indiaum-solutions1773997613,https://internshala.com/internship/detail/work-from-home-ai-dataset-preparation-internship-at-indiaum-solutions1773997613,Internshala - Internship,0,,today,2026-03-21,11:22:07,hourly,24h,2026-03-21 11:32,,
AI Product Entry And Marketing.,Jai Rajaji Stone Studio,Hyderabad,Internship,https://internshala.com/internship/detail/ai-product-entry-and-marketing-internship-in-hyderabad-at-jai-rajaji-stone-studio1772436373,https://internshala.com/internship/detail/ai-product-entry-and-marketing-internship-in-hyderabad-at-jai-rajaji-stone-studio1772436373,Internshala - Internship,0,,2 weeks ago,2026-03-21,11:22:07,hourly,24h,2026-03-21 11:32,,
AI Video Annotation,Indiaum Solutions,Work from home,Internship,https://internshala.com/internship/detail/work-from-home-ai-video-annotation-internship-at-indiaum-solutions1773824564,https://internshala.com/internship/detail/work-from-home-ai-video-annotation-internship-at-indiaum-solutions1773824564,Internshala - Internship,0,,2 days ago,2026-03-21,11:22:07,hourly,24h,2026-03-21 11:32,,
Accounting,Bharath Group,Bangalore,Internship,https://internshala.com/internship/detail/accounting-internship-in-bangalore-at-bharath-group1772438853,https://internshala.com/internship/detail/accounting-internship-in-bangalore-at-bharath-group1772438853,Internshala - Internship,0,,2 weeks ago,2026-03-21,11:22:07,hourly,24h,2026-03-21 11:32,,
Accounting & Bookkeeping,Rajendra Gunawant,Delhi,Internship,https://internshala.com/internship/detail/accounting-bookkeeping-internship-in-delhi-at-rajendra-gunawant1773316412,https://internshala.com/internship/detail/accounting-bookkeeping-internship-in-delhi-at-rajendra-gunawant1773316412,Internshala - Internship,0,,1 week ago,2026-03-21,11:22:07,hourly,24h,2026-03-21 11:32,,
Accounting & Bookkeeping,Little Blue Hospitality,Rohtak (Hybrid),Internship,https://internshala.com/internship/detail/part-time-accounting-bookkeeping-internship-in-rohtak-at-little-blue-hospitality1773037029,https://internshala.com/internship/detail/part-time-accounting-bookkeeping-internship-in-rohtak-at-little-blue-hospitality1773037029,Internshala - Internship,0,,1 week ago,2026-03-21,11:22:07,hourly,24h,2026-03-21 11:32,,
Accounting & Taxation,Silk Route Advisors LLP,Bangalore (Hybrid),Internship,https://internshala.com/internship/detail/accounting-taxation-internship-in-bangalore-at-mypad1772445580,https://internshala.com/internship/detail/accounting-taxation-internship-in-bangalore-at-mypad1772445580,Internshala - Internship,0,,2 weeks ago,2026-03-21,11:22:07,hourly,24h,2026-03-21 11:32,,
Accounting Software Quality Analyst,Meru Technosoft Private Limited,Work from home,Internship,https://internshala.com/internship/detail/work-from-home-accounting-software-quality-analyst-internship-at-meru-technosoft-private-limited1771588568,https://internshala.com/internship/detail/work-from-home-accounting-software-quality-analyst-internship-at-meru-technosoft-private-limited1771588568,Internshala - Internship,0,,3 weeks ago,2026-03-21,11:22:07,hourly,24h,2026-03-21 11:32,,
Accounting Software Tester,Meru Technosoft Private Limited,Work from home,Internship,https://internshala.com/internship/detail/work-from-home-accounting-software-tester-internship-at-meru-technosoft-private-limited1772798675,https://internshala.com/internship/detail/work-from-home-accounting-software-tester-internship-at-meru-technosoft-private-limited1772798675,Internshala - Internship,0,,2 weeks ago,2026-03-21,11:22:07,hourly,24h,2026-03-21 11:32,,
Accounts,Blissful Minds Coaching And Consulting,Coimbatore,Internship,https://internshala.com/internship/detail/accounts-internship-in-coimbatore-at-blissful-minds-coaching-and-consulting1771658889,https://internshala.com/internship/detail/accounts-internship-in-coimbatore-at-blissful-minds-coaching-and-consulting1771658889,Internshala - Internship,0,,3 weeks ago,2026-03-21,11:22:07,hourly,24h,2026-03-21 11:32,,
Accounts,Vertiver Private Limited,Delhi,Internship,https://internshala.com/internship/detail/accounts-internship-in-delhi-at-vertiver-private-limited1772775511,https://internshala.com/internship/detail/accounts-internship-in-delhi-at-vertiver-private-limited1772775511,Internshala - Internship,0,,2 weeks ago,2026-03-21,11:22:07,hourly,24h,2026-03-21 11:32,,
Administration,Brindleys Accountancy Services Private Limited,Bhopal,Internship,https://internshala.com/internship/detail/administration-internship-in-bhopal-at-brindleys-accountancy-services-private-limited1772444717,https://internshala.com/internship/detail/administration-internship-in-bhopal-at-brindleys-accountancy-services-private-limited1772444717,Internshala - Internship,0,,2 weeks ago,2026-03-21,11:22:07,hourly,24h,2026-03-21 11:32,,
Administration,M.B. Barvalia Foundation,Mumbai,Internship,https://internshala.com/internship/detail/administration-internship-in-mumbai-at-mb-barvalia-foundation1773685465,https://internshala.com/internship/detail/administration-internship-in-mumbai-at-mb-barvalia-foundation1773685465,Internshala - Internship,0,,4 days ago,2026-03-21,11:22:07,hourly,24h,2026-03-21 11:32,,
Administration,Gunjan Kamra,Mumbai,Internship,https://internshala.com/internship/detail/part-time-administration-internship-in-mumbai-at-gunjan-kamra1773987636,https://internshala.com/internship/detail/part-time-administration-internship-in-mumbai-at-gunjan-kamra1773987636,Internshala - Internship,0,,today,2026-03-21,11:22:07,hourly,24h,2026-03-21 11:32,,
Administration Support,HNKT Recruitment Pvt. Ltd.,Delhi,Internship,https://internshala.com/internship/detail/administration-support-internship-in-delhi-at-hnkt-recruitment-pvt-ltd1772184858,https://internshala.com/internship/detail/administration-support-internship-in-delhi-at-hnkt-recruitment-pvt-ltd1772184858,Internshala - Internship,0,,3 weeks ago,2026-03-21,11:22:07,hourly,24h,2026-03-21 11:32,,
Administration Trainee,Avaesa,Chennai,Internship,https://internshala.com/internship/detail/administration-trainee-internship-in-chennai-at-avaesa1773733312,https://internshala.com/internship/detail/administration-trainee-internship-in-chennai-at-avaesa1773733312,Internshala - Internship,0,,3 days ago,2026-03-21,11:22:07,hourly,24h,2026-03-21 11:32,,
Administrative Associate,Sporthood,Kochi,Internship,https://internshala.com/internship/detail/administrative-associate-internship-in-kochi-at-sporthood1773191709,https://internshala.com/internship/detail/administrative-associate-internship-in-kochi-at-sporthood1773191709,Internshala - Internship,0,,1 week ago,2026-03-21,11:22:07,hourly,24h,2026-03-21 11:32,,
Admission Operations,Newton School,Bangalore,Internship,https://internshala.com/internship/detail/admission-operations-internship-in-bangalore-at-newton-school1772004654,https://internshala.com/internship/detail/admission-operations-internship-in-bangalore-at-newton-school1772004654,Internshala - Internship,0,,3 weeks ago,2026-03-21,11:22:07,hourly,24h,2026-03-21 11:32,,
Admissions & Career Guidance Associate,Mobilicis India Private Limited,Work from home,Internship,https://internshala.com/internship/detail/work-from-home-admissions-career-guidance-associate-internship-at-mobilicis-india-private-limited1772601825,https://internshala.com/internship/detail/work-from-home-admissions-career-guidance-associate-internship-at-mobilicis-india-private-limited1772601825,Internshala - Internship,0,,2 weeks ago,2026-03-21,11:22:07,hourly,24h,2026-03-21 11:32,,
Advisor,RSHCE Renu Sharma Health Care And Education Foundation,Work from home,Internship,https://internshala.com/internship/detail/work-from-home-advisor-internship-at-rshce-renu-sharma-health-care-and-education-foundation1773494842,https://internshala.com/internship/detail/work-from-home-advisor-internship-at-rshce-renu-sharma-health-care-and-education-foundation1773494842,Internshala - Internship,0,,6 days ago,2026-03-21,11:22:07,hourly,24h,2026-03-21 11:32,,
Airbnb Operations Analyst (Remote) – Short-Term Rental Support,Elvara Group,Work from home,Internship,https://internshala.com/internship/detail/work-from-home-part-time-airbnb-operations-analyst-remote--short-term-rental-support-internship-at-elvara-group1772134010,https://internshala.com/internship/detail/work-from-home-part-time-airbnb-operations-analyst-remote--short-term-rental-support-internship-at-elvara-group1772134010,Internshala - Internship,0,,3 weeks ago,2026-03-21,11:22:07,hourly,24h,2026-03-21 11:32,,
Analytics (Automation + Reporting),Primetrade.ai,Work from home,Internship,https://internshala.com/internship/detail/work-from-home-analytics-automation-reporting-internship-at-primetradeai1773819834,https://internshala.com/internship/detail/work-from-home-analytics-automation-reporting-internship-at-primetradeai1773819834,Internshala - Internship,0,,2 days ago,2026-03-21,11:22:07,hourly,24h,2026-03-21 11:32,,
Application Operations,Joloit,Work from home,Internship,https://internshala.com/internship/detail/work-from-home-application-operations-internship-at-joloit1771577685,https://internshala.com/internship/detail/work-from-home-application-operations-internship-at-joloit1771577685,Internshala - Internship,0,,3 weeks ago,2026-03-21,11:22:07,hourly,24h,2026-03-21 11:32,,
Artificial Intelligence (AI),Career Solutions,Chennai,Internship,https://internshala.com/internship/detail/part-time-artificial-intelligence-ai-internship-in-chennai-at-career-solutions1773682508,https://internshala.com/internship/detail/part-time-artificial-intelligence-ai-internship-in-chennai-at-career-solutions1773682508,Internshala - Internship,0,,4 days ago,2026-03-21,11:22:07,hourly,24h,2026-03-21 11:32,,
Artificial Intelligence (AI),Techphoton Solutions Private Limited,Work from home,Internship,https://internshala.com/internship/detail/work-from-home-part-time-artificial-intelligence-ai-internship-at-techphoton-solutions-private-limited1771483252,https://internshala.com/internship/detail/work-from-home-part-time-artificial-intelligence-ai-internship-at-techphoton-solutions-private-limited1771483252,Internshala - Internship,0,,3 weeks ago,2026-03-21,11:22:07,hourly,24h,2026-03-21 11:32,,
Associate Account & Business Development Representative,ServdYou Technologies Private Limited,"Greater Noida, Noida",Internship,https://internshala.com/internship/detail/associate-account-business-development-representative-internship-in-multiple-locations-at-servdyou-technologies-private-limited1773376667,https://internshala.com/internship/detail/associate-account-business-development-representative-internship-in-multiple-locations-at-servdyou-technologies-private-limited1773376667,Internshala - Internship,0,,1 week ago,2026-03-21,11:22:07,hourly,24h,2026-03-21 11:32,,
Associate Content Creator,Better,Work from home,Internship,https://internshala.com/internship/detail/work-from-home-associate-content-creator-internship-at-better1773741883,https://internshala.com/internship/detail/work-from-home-associate-content-creator-internship-at-better1773741883,Internshala - Internship,0,,3 days ago,2026-03-21,11:22:07,hourly,24h,2026-03-21 11:32,,
Associate Editor,Kartavyam,Work from home,Internship,https://internshala.com/internship/detail/work-from-home-part-time-associate-editor-internship-at-kartavyam1773220166,https://internshala.com/internship/detail/work-from-home-part-time-associate-editor-internship-at-kartavyam1773220166,Internshala - Internship,0,,1 week ago,2026-03-21,11:22:07,hourly,24h,2026-03-21 11:32,,
Associate Graphic Designer,Better,Work from home,Internship,https://internshala.com/internship/detail/work-from-home-associate-graphic-designer-internship-at-better1773656746,https://internshala.com/internship/detail/work-from-home-associate-graphic-designer-internship-at-better1773656746,Internshala - Internship,0,,4 days ago,2026-03-21,11:22:07,hourly,24h,2026-03-21 11:32,,
Associate LinkedIn Ghostwriter,Better,Work from home,Internship,https://internshala.com/internship/detail/work-from-home-associate-linkedin-ghostwriter-internship-at-better1773398443,https://internshala.com/internship/detail/work-from-home-associate-linkedin-ghostwriter-internship-at-better1773398443,Internshala - Internship,0,,7 days ago,2026-03-21,11:22:07,hourly,24h,2026-03-21 11:32,,
Associate People Consultant - HR,VAYUZ TECHNOLOGIES PRIVATE LIMITED,Noida,Internship,https://internshala.com/internship/detail/associate-people-consultant-hr-internship-in-noida-at-vayuz-technologies-private-limited1772186624,https://internshala.com/internship/detail/associate-people-consultant-hr-internship-in-noida-at-vayuz-technologies-private-limited1772186624,Internshala - Internship,0,,3 weeks ago,2026-03-21,11:22:07,hourly,24h,2026-03-21 11:32,,
Associate People Consultant-HR,VAYUZ Technologies,Noida,Internship,https://internshala.com/internship/detail/associate-people-consultant-hr-internship-in-noida-at-vayuz-technologies1772778935,https://internshala.com/internship/detail/associate-people-consultant-hr-internship-in-noida-at-vayuz-technologies1772778935,Internshala - Internship,0,,2 weeks ago,2026-03-21,11:22:07,hourly,24h,2026-03-21 11:32,,
Associate SEO And Backlink,Better,Work from home,Internship,https://internshala.com/internship/detail/work-from-home-associate-seo-and-backlink-internship-at-better1773642647,https://internshala.com/internship/detail/work-from-home-associate-seo-and-backlink-internship-at-better1773642647,Internshala - Internship,0,,4 days ago,2026-03-21,11:22:07,hourly,24h,2026-03-21 11:32,,
Associate Software Engineer,TSTEPS PRIVATE LIMITED,"Erode, Kerala (Hybrid)",Internship,https://internshala.com/internship/detail/associate-software-engineer-internship-in-multiple-locations-at-tsteps-private-limited1772534794,https://internshala.com/internship/detail/associate-software-engineer-internship-in-multiple-locations-at-tsteps-private-limited1772534794,Internshala - Internship,0,,2 weeks ago,2026-03-21,11:22:07,hourly,24h,2026-03-21 11:32,,
Associate To Founder,YNDT,Bangalore,Internship,https://internshala.com/internship/detail/associate-to-founder-internship-in-bangalore-at-anaya-megha-mulchandani1773820030,https://internshala.com/internship/detail/associate-to-founder-internship-in-bangalore-at-anaya-megha-mulchandani1773820030,Internshala - Internship,0,,2 days ago,2026-03-21,11:22:07,hourly,24h,2026-03-21 11:32,,
Audience Data,BuyerForesight,Work from home,Internship,https://internshala.com/internship/detail/work-from-home-audience-data-internship-at-buyerforesight1771813001,https://internshala.com/internship/detail/work-from-home-audience-data-internship-at-buyerforesight1771813001,Internshala - Internship,0,,3 weeks ago,2026-03-21,11:22:07,hourly,24h,2026-03-21 11:32,,
Backend Associate,Rocket-Deals Private Limited,"Ulhasnagar, Thane, Navi Mumbai, Kalyan, Mumbai, Mira Bhayandar, Ambernath",Internship,https://internshala.com/internship/detail/backend-associate-internship-in-multiple-locations-at-rocket-deals-private-limited1771675207,https://internshala.com/internship/detail/backend-associate-internship-in-multiple-locations-at-rocket-deals-private-limited1771675207,Internshala - Internship,0,,3 weeks ago,2026-03-21,11:22:07,hourly,24h,2026-03-21 11:32,,
Backend Operation,Shri Shanidev Enterprise,Mumbai,Internship,https://internshala.com/internship/detail/backend-operation-internship-in-mumbai-at-shri-shanidev-enterprise1773805736,https://internshala.com/internship/detail/backend-operation-internship-in-mumbai-at-shri-shanidev-enterprise1773805736,Internshala - Internship,0,,3 days ago,2026-03-21,11:22:07,hourly,24h,2026-03-21 11:32,,
Behavioral Data Science,DeepThought CultureTech Ventures Private Limited,Work from home,Internship,https://internshala.com/internship/detail/work-from-home-behavioral-data-science-internship-at-deepthought-culturetech-ventures-private-limited1773814031,https://internshala.com/internship/detail/work-from-home-behavioral-data-science-internship-at-deepthought-culturetech-ventures-private-limited1773814031,Internshala - Internship,0,,2 days ago,2026-03-21,11:22:07,hourly,24h,2026-03-21 11:32,,
Bengali Data Annotation,Indika AI Private Limited,Work from home,Internship,https://internshala.com/internship/detail/work-from-home-part-time-bengali-data-annotation-internship-at-indika-ai-private-limited1773825239,https://internshala.com/internship/detail/work-from-home-part-time-bengali-data-annotation-internship-at-indika-ai-private-limited1773825239,Internshala - Internship,0,,2 days ago,2026-03-21,11:22:07,hourly,24h,2026-03-21 11:32,,
Bilingual Audio QC Assistant (Tamil & Hindi),Vakyam AI,Chennai,Internship,https://internshala.com/internship/detail/part-time-bilingual-audio-qc-assistant-tamil-hindi-internship-in-chennai-at-vakyam-ai1773930263,https://internshala.com/internship/detail/part-time-bilingual-audio-qc-assistant-tamil-hindi-internship-in-chennai-at-vakyam-ai1773930263,Internshala - Internship,0,,1 day ago,2026-03-21,11:22:07,hourly,24h,2026-03-21 11:32,,
Brand Marketing,Innoknowvex,Work from home,Internship,https://internshala.com/internship/detail/work-from-home-brand-marketing-internship-at-innoknowvex1772088045,https://internshala.com/internship/detail/work-from-home-brand-marketing-internship-at-innoknowvex1772088045,Internshala - Internship,0,,3 weeks ago,2026-03-21,11:22:07,hourly,24h,2026-03-21 11:32,,
Brand Team Associate (Freshers Welcome),ProSync Infotech,Delhi,Internship,https://internshala.com/internship/detail/brand-team-associate-freshers-welcome-internship-in-delhi-at-prosync-infotech1773567369,https://internshala.com/internship/detail/brand-team-associate-freshers-welcome-internship-in-delhi-at-prosync-infotech1773567369,Internshala - Internship,0,,5 days ago,2026-03-21,11:22:07,hourly,24h,2026-03-21 11:32,,
Buisness Development,Fitbae Healthcare Private Limited,"Delhi, Gurgaon",Internship,https://internshala.com/internship/detail/buisness-development-internship-in-multiple-locations-at-fitbae-healthcare-private-limited1773052887,https://internshala.com/internship/detail/buisness-development-internship-in-multiple-locations-at-fitbae-healthcare-private-limited1773052887,Internshala - Internship,0,,1 week ago,2026-03-21,11:22:07,hourly,24h,2026-03-21 11:32,,
Business & Operations,Flamingo Aerospace Pvt Ltd,Hyderabad,Internship,https://internshala.com/internship/detail/part-time-business-operations-internship-in-hyderabad-at-flamingo-aerospace-pvt-ltd1773635022,https://internshala.com/internship/detail/part-time-business-operations-internship-in-hyderabad-at-flamingo-aerospace-pvt-ltd1773635022,Internshala - Internship,0,,5 days ago,2026-03-21,11:22:07,hourly,24h,2026-03-21 11:32,,
Business Administration & Marketing,Thriving Soft Solutions Private Limited,Coimbatore (Hybrid),Internship,https://internshala.com/internship/detail/part-time-business-administration-marketing-internship-in-coimbatore-at-thriving-soft-solutions-private-limited1772166476,https://internshala.com/internship/detail/part-time-business-administration-marketing-internship-in-coimbatore-at-thriving-soft-solutions-private-limited1772166476,Internshala - Internship,0,,3 weeks ago,2026-03-21,11:22:07,hourly,24h,2026-03-21 11:32,,
Business Analytics,OMNIDYA TECH LLP,Ahmedabad,Internship,https://internshala.com/internship/detail/business-analytics-internship-in-ahmedabad-at-omnidya-tech-llp1772203557,https://internshala.com/internship/detail/business-analytics-internship-in-ahmedabad-at-omnidya-tech-llp1772203557,Internshala - Internship,0,,3 weeks ago,2026-03-21,11:22:07,hourly,24h,2026-03-21 11:32,,
Business Analytics,Cure And Care Wellness Private Limited,Bangalore,Internship,https://internshala.com/internship/detail/business-analytics-internship-in-bangalore-at-cure-and-care-wellness-private-limited1773141905,https://internshala.com/internship/detail/business-analytics-internship-in-bangalore-at-cure-and-care-wellness-private-limited1773141905,Internshala - Internship,0,,1 week ago,2026-03-21,11:22:07,hourly,24h,2026-03-21 11:32,,
Business Analytics,ROUTINE REGIME PRIVATE LIMITED,Delhi,Internship,https://internshala.com/internship/detail/business-analytics-internship-in-delhi-at-routine-regime-private-limited1771853187,https://internshala.com/internship/detail/business-analytics-internship-in-delhi-at-routine-regime-private-limited1771853187,Internshala - Internship,0,,3 weeks ago,2026-03-21,11:22:07,hourly,24h,2026-03-21 11:32,,
Business Analytics,Takkar Polychem Private Limited,Greater Noida,Internship,https://internshala.com/internship/detail/business-analytics-internship-in-greater-noida-at-takkar-polychem-private-limited1774006160,https://internshala.com/internship/detail/business-analytics-internship-in-greater-noida-at-takkar-polychem-private-limited1774006160,Internshala - Internship,0,,today,2026-03-21,11:22:07,hourly,24h,2026-03-21 11:32,,
Business Analytics,Myraid,Gurgaon,Internship,https://internshala.com/internship/detail/business-analytics-internship-in-gurgaon-at-myraid1773210825,https://internshala.com/internship/detail/business-analytics-internship-in-gurgaon-at-myraid1773210825,Internshala - Internship,0,,1 week ago,2026-03-21,11:22:07,hourly,24h,2026-03-21 11:32,,
Business Analytics,ViralChilly,Jaipur,Internship,https://internshala.com/internship/detail/business-analytics-internship-in-jaipur-at-viralchilly1774011783,https://internshala.com/internship/detail/business-analytics-internship-in-jaipur-at-viralchilly1774011783,Internshala - Internship,0,,today,2026-03-21,11:22:07,hourly,24h,2026-03-21 11:32,,
Business Analytics,Akshita Bazaz,Kolkata,Internship,https://internshala.com/internship/detail/part-time-business-analytics-internship-in-kolkata-at-akshita-bazaz1774007236,https://internshala.com/internship/detail/part-time-business-analytics-internship-in-kolkata-at-akshita-bazaz1774007236,Internshala - Internship,0,,today,2026-03-21,11:22:07,hourly,24h,2026-03-21 11:32,,
Business Analytics,Suresh Dani's Classes,Mumbai,Internship,https://internshala.com/internship/detail/business-analytics-internship-in-mumbai-at-suresh-danis-classes1773141872,https://internshala.com/internship/detail/business-analytics-internship-in-mumbai-at-suresh-danis-classes1773141872,Internshala - Internship,0,,1 week ago,2026-03-21,11:22:07,hourly,24h,2026-03-21 11:32,,
Business Analytics,Career-Domain,Nagpur,Internship,https://internshala.com/internship/detail/business-analytics-internship-in-nagpur-at-career-domain1773400946,https://internshala.com/internship/detail/business-analytics-internship-in-nagpur-at-career-domain1773400946,Internshala - Internship,0,,7 days ago,2026-03-21,11:22:07,hourly,24h,2026-03-21 11:32,,
Business Analytics,Innoknowvex,Work from home,Internship,https://internshala.com/internship/detail/work-from-home-business-analytics-internship-at-innoknowvex1772115497,https://internshala.com/internship/detail/work-from-home-business-analytics-internship-at-innoknowvex1772115497,Internshala - Internship,0,,3 weeks ago,2026-03-21,11:22:07,hourly,24h,2026-03-21 11:32,,
Business Analytics,Ozibook Tech Solutions Private Limited,Work from home,Internship,https://internshala.com/internship/detail/work-from-home-business-analytics-internship-at-ozibook-tech-solutions-private-limited1772005800,https://internshala.com/internship/detail/work-from-home-business-analytics-internship-at-ozibook-tech-solutions-private-limited1772005800,Internshala - Internship,0,,3 weeks ago,2026-03-21,11:22:07,hourly,24h,2026-03-21 11:32,,
Business Analytics,Hamsi Marketing Private Limited,Work from home,Internship,https://internshala.com/internship/detail/work-from-home-business-analytics-internship-at-hamsi-marketing-private-limited1771645769,https://internshala.com/internship/detail/work-from-home-business-analytics-internship-at-hamsi-marketing-private-limited1771645769,Internshala - Internship,0,,3 weeks ago,2026-03-21,11:22:07,hourly,24h,2026-03-21 11:32,,
Business Analytics,JP IT STAFFING LLC,Work from home,Internship,https://internshala.com/internship/detail/work-from-home-business-analytics-internship-at-jp-it-staffing-llc1771353970,https://internshala.com/internship/detail/work-from-home-business-analytics-internship-at-jp-it-staffing-llc1771353970,Internshala - Internship,0,,3 weeks ago,2026-03-21,11:22:07,hourly,24h,2026-03-21 11:32,,
Business Applications Developer,TTBTE,Mumbai,Internship,https://internshala.com/internship/detail/business-applications-developer-internship-in-mumbai-at-ttbte1773997719,https://internshala.com/internship/detail/business-applications-developer-internship-in-mumbai-at-ttbte1773997719,Internshala - Internship,0,,today,2026-03-21,11:22:07,hourly,24h,2026-03-21 11:32,,
Business Consultant,Zenzart Technology Private Limited,Bhopal,Internship,https://internshala.com/internship/detail/business-consultant-internship-in-bhopal-at-zenzart-technology-private-limited1773761750,https://internshala.com/internship/detail/business-consultant-internship-in-bhopal-at-zenzart-technology-private-limited1773761750,Internshala - Internship,0,,3 days ago,2026-03-21,11:22:07,hourly,24h,2026-03-21 11:32,,
Business Consultant,Corporate Shiksha,"Delhi, Gurgaon",Internship,https://internshala.com/internship/detail/business-consultant-internship-in-multiple-locations-at-corporate-shiksha1772429090,https://internshala.com/internship/detail/business-consultant-internship-in-multiple-locations-at-corporate-shiksha1772429090,Internshala - Internship,0,,2 weeks ago,2026-03-21,11:22:07,hourly,24h,2026-03-21 11:32,,
Business Consultant,Break The Code,"Dombivli, Mumbai, Virar, Mira Bhayandar, Nala Sopara, Dahisar",Internship,https://internshala.com/internship/detail/business-consultant-internship-in-multiple-locations-at-break-the-code1773987287,https://internshala.com/internship/detail/business-consultant-internship-in-multiple-locations-at-break-the-code1773987287,Internshala - Internship,0,,today,2026-03-21,11:22:07,hourly,24h,2026-03-21 11:32,,
Business Consultant,TwinLine Business Solutions Private Limited,Gurgaon,Internship,https://internshala.com/internship/detail/business-consultant-internship-in-gurgaon-at-twinline-business-solutions-private-limited1772283952,https://internshala.com/internship/detail/business-consultant-internship-in-gurgaon-at-twinline-business-solutions-private-limited1772283952,Internshala - Internship,0,,2 weeks ago,2026-03-21,11:22:07,hourly,24h,2026-03-21 11:32,,
Business Consultant,AIT Global India Private Limited,Hyderabad,Internship,https://internshala.com/internship/detail/business-consultant-internship-in-hyderabad-at-ait-global-india-private-limited1773894652,https://internshala.com/internship/detail/business-consultant-internship-in-hyderabad-at-ait-global-india-private-limited1773894652,Internshala - Internship,0,,2 days ago,2026-03-21,11:22:07,hourly,24h,2026-03-21 11:32,,
Business Consultant,Satyajan Energy Solutions Private Limited,Hyderabad,Internship,https://internshala.com/internship/detail/business-consultant-internship-in-hyderabad-at-satyajan-energy-solutions-private-limited1772884964,https://internshala.com/internship/detail/business-consultant-internship-in-hyderabad-at-satyajan-energy-solutions-private-limited1772884964,Internshala - Internship,0,,1 week ago,2026-03-21,11:22:07,hourly,24h,2026-03-21 11:32,,
Business Consultant,Clay Capital,"Hyderabad, Bangalore",Internship,https://internshala.com/internship/detail/business-consultant-internship-in-multiple-locations-at-clay-capital1772451633,https://internshala.com/internship/detail/business-consultant-internship-in-multiple-locations-at-clay-capital1772451633,Internshala - Internship,0,,2 weeks ago,2026-03-21,11:22:07,hourly,24h,2026-03-21 11:32,,
Business Consultant,Bevysquare Social Private Limited,Noida,Internship,https://internshala.com/internship/detail/business-consultant-internship-in-noida-at-bevysquare-social-private-limited1772696798,https://internshala.com/internship/detail/business-consultant-internship-in-noida-at-bevysquare-social-private-limited1772696798,Internshala - Internship,0,,2 weeks ago,2026-03-21,11:22:07,hourly,24h,2026-03-21 11:32,,
Business Consultant,GNR Solution Private Limited,Pune (Hybrid),Internship,https://internshala.com/internship/detail/business-consultant-internship-in-pune-at-gnr-solution-private-limited1771912355,https://internshala.com/internship/detail/business-consultant-internship-in-pune-at-gnr-solution-private-limited1771912355,Internshala - Internship,0,,3 weeks ago,2026-03-21,11:22:07,hourly,24h,2026-03-21 11:32,,
Business Consultant,NayePankh Foundation,Work from home,Internship,https://internshala.com/internship/detail/work-from-home-business-consultant-internship-at-nayepankh-foundation1773775877,https://internshala.com/internship/detail/work-from-home-business-consultant-internship-at-nayepankh-foundation1773775877,Internshala - Internship,0,,3 days ago,2026-03-21,11:22:07,hourly,24h,2026-03-21 11:32,,
Business Consultant,She Can Foundation,Work from home,Internship,https://internshala.com/internship/detail/work-from-home-business-consultant-internship-at-she-can-foundation1773836096,https://internshala.com/internship/detail/work-from-home-business-consultant-internship-at-she-can-foundation1773836096,Internshala - Internship,0,,2 days ago,2026-03-21,11:22:07,hourly,24h,2026-03-21 11:32,,
Business Consultant,Basti Ki Pathshala Foundation,Work from home,Internship,https://internshala.com/internship/detail/work-from-home-business-consultant-internship-at-basti-ki-pathshala-foundation1773663923,https://internshala.com/internship/detail/work-from-home-business-consultant-internship-at-basti-ki-pathshala-foundation1773663923,Internshala - Internship,0,,4 days ago,2026-03-21,11:22:07,hourly,24h,2026-03-21 11:32,,
Business Consultant,Pawzz,Work from home,Internship,https://internshala.com/internship/detail/work-from-home-business-consultant-internship-at-pawzz1773486914,https://internshala.com/internship/detail/work-from-home-business-consultant-internship-at-pawzz1773486914,Internshala - Internship,0,,6 days ago,2026-03-21,11:22:07,hourly,24h,2026-03-21 11:32,,
Business Consultant,RSHCE Renu Sharma Health Care And Education Foundation,Work from home,Internship,https://internshala.com/internship/detail/work-from-home-business-consultant-internship-at-rshce-renu-sharma-health-care-and-education-foundation1773460049,https://internshala.com/internship/detail/work-from-home-business-consultant-internship-at-rshce-renu-sharma-health-care-and-education-foundation1773460049,Internshala - Internship,0,,7 days ago,2026-03-21,11:22:07,hourly,24h,2026-03-21 11:32,,
Business Consultant,SkillLevel,Work from home,Internship,https://internshala.com/internship/detail/work-from-home-business-consultant-internship-at-skilllevel1773334012,https://internshala.com/internship/detail/work-from-home-business-consultant-internship-at-skilllevel1773334012,Internshala - Internship,0,,1 week ago,2026-03-21,11:22:07,hourly,24h,2026-03-21 11:32,,
Business Consultant,Fortunefootprints,Work from home,Internship,https://internshala.com/internship/detail/work-from-home-business-consultant-internship-at-fortunefootprints1773293680,https://internshala.com/internship/detail/work-from-home-business-consultant-internship-at-fortunefootprints1773293680,Internshala - Internship,0,,1 week ago,2026-03-21,11:22:07,hourly,24h,2026-03-21 11:32,,
Business Developement,Dent O Luxe,Mumbai (Hybrid),Internship,https://internshala.com/internship/detail/part-time-business-developement-internship-in-mumbai-at-dent-o-luxe1772271579,https://internshala.com/internship/detail/part-time-business-developement-internship-in-mumbai-at-dent-o-luxe1772271579,Internshala - Internship,0,,2 weeks ago,2026-03-21,11:22:07,hourly,24h,2026-03-21 11:32,,
Business Development,Prajjval Ventures Private Limited,Bangalore,Internship,https://internshala.com/internship/detail/part-time-business-development-internship-in-bangalore-at-prajjval-ventures-private-limited1771555144,https://internshala.com/internship/detail/part-time-business-development-internship-in-bangalore-at-prajjval-ventures-private-limited1771555144,Internshala - Internship,0,,3 weeks ago,2026-03-21,11:22:07,hourly,24h,2026-03-21 11:32,,
Business Development,Auxost,Bhopal,Internship,https://internshala.com/internship/detail/business-development-internship-in-bhopal-at-auxost1772269291,https://internshala.com/internship/detail/business-development-internship-in-bhopal-at-auxost1772269291,Internshala - Internship,0,,2 weeks ago,2026-03-21,11:22:07,hourly,24h,2026-03-21 11:32,,
Business Development,Error Makes Clever,Chennai,Internship,https://internshala.com/internship/detail/business-development-internship-in-chennai-at-error-makes-clever1772969684,https://internshala.com/internship/detail/business-development-internship-in-chennai-at-error-makes-clever1772969684,Internshala - Internship,0,,1 week ago,2026-03-21,11:22:07,hourly,24h,2026-03-21 11:32,,
Business Development,Energy Alternatives India,Chennai,Internship,https://internshala.com/internship/detail/business-development-internship-in-chennai-at-energy-alternatives-india1773468604,https://internshala.com/internship/detail/business-development-internship-in-chennai-at-energy-alternatives-india1773468604,Internshala - Internship,0,,6 days ago,2026-03-21,11:22:07,hourly,24h,2026-03-21 11:32,,
Business Development,Code Calibre,"Delhi, Ghaziabad, Noida",Internship,https://internshala.com/internship/detail/business-development-internship-in-multiple-locations-at-code-calibre1773397746,https://internshala.com/internship/detail/business-development-internship-in-multiple-locations-at-code-calibre1773397746,Internshala - Internship,0,,7 days ago,2026-03-21,11:22:07,hourly,24h,2026-03-21 11:32,,
Business Development,SPIM Innovations,Hyderabad,Internship,https://internshala.com/internship/detail/business-development-internship-in-hyderabad-at-spim-innovations1771750962,https://internshala.com/internship/detail/business-development-internship-in-hyderabad-at-spim-innovations1771750962,Internshala - Internship,0,,3 weeks ago,2026-03-21,11:22:07,hourly,24h,2026-03-21 11:32,,
Business Development,Revent Labs,Indore,Internship,https://internshala.com/internship/detail/business-development-internship-in-indore-at-revent-labs1773194092,https://internshala.com/internship/detail/business-development-internship-in-indore-at-revent-labs1773194092,Internshala - Internship,0,,1 week ago,2026-03-21,11:22:07,hourly,24h,2026-03-21 11:32,,
Business Development,Kenko Wellness,Mumbai,Internship,https://internshala.com/internship/detail/business-development-internship-in-mumbai-at-kenko-wellness1771497078,https://internshala.com/internship/detail/business-development-internship-in-mumbai-at-kenko-wellness1771497078,Internshala - Internship,0,,3 weeks ago,2026-03-21,11:22:07,hourly,24h,2026-03-21 11:32,,
Business Development,Reflex Realty LLP,Mumbai,Internship,https://internshala.com/internship/detail/business-development-internship-in-mumbai-at-reflex-realty-llp1773655778,https://internshala.com/internship/detail/business-development-internship-in-mumbai-at-reflex-realty-llp1773655778,Internshala - Internship,0,,4 days ago,2026-03-21,11:22:07,hourly,24h,2026-03-21 11:32,,
Business Development,Regime Tax Solutions Private Limited,Mumbai,Internship,https://internshala.com/internship/detail/business-development-internship-in-mumbai-at-regime-tax-solutions-private-limited1774006856,https://internshala.com/internship/detail/business-development-internship-in-mumbai-at-regime-tax-solutions-private-limited1774006856,Internshala - Internship,0,,today,2026-03-21,11:22:07,hourly,24h,2026-03-21 11:32,,
